trade_id,trade_volume
TRD0008,40000
TRD0061,40000
TRD0065,40000
TRD0147,40000
TRD0068,40000
TRD0104,39000
TRD0139,39000
TRD0013,39000
TRD0200,39000
TRD0074,39000
TRD0034,38000
TRD0060,38000
TRD0129,38000
TRD0195,38000
TRD0117,38000
TRD0137,38000
TRD0128,37000
TRD0178,37000
TRD0141,36000
TRD0185,36000
TRD0023,36000
TRD0089,36000
TRD0132,36000
TRD0019,36000
TRD0161,35000
TRD0134,35000
TRD0069,35000
TRD0056,35000
TRD0004,35000
TRD0090,34000
TRD0120,34000
TRD0070,34000
TRD0050,34000
TRD0003,34000
TRD0184,33000
TRD0037,33000
TRD0054,32000
TRD0035,32000
TRD0157,32000
TRD0053,31000
TRD0177,31000
TRD0057,31000
TRD0189,31000
TRD0162,31000
TRD0167,31000
TRD0175,31000
TRD0153,31000
TRD0186,30000
TRD0071,30000
TRD0158,30000
TRD0179,29000
TRD0152,29000
TRD0121,29000
TRD0193,29000
TRD0075,29000
TRD0015,28000
TRD0142,28000
TRD0080,28000
TRD0146,28000
TRD0024,27000
TRD0192,27000
TRD0106,27000
TRD0029,27000
TRD0096,26000
TRD0044,25000
TRD0127,25000
TRD0103,25000
TRD0123,25000
TRD0073,24000
TRD0064,24000
TRD0086,23000
TRD0077,23000
TRD0105,23000
TRD0133,23000
TRD0020,22000
TRD0119,22000
TRD0109,22000
TRD0072,22000
TRD0066,22000
TRD0076,22000
TRD0194,22000
TRD0041,21000
TRD0160,21000
TRD0172,21000
TRD0124,20000
TRD0154,20000
TRD0169,20000
TRD0149,20000