trade_id,trade_volume
TRD0054,32000
TRD0128,37000
TRD0161,35000
TRD0008,40000
TRD0034,38000
TRD0085,50000
TRD0090,34000
TRD0140,50000
TRD0141,36000
TRD0191,49000
TRD0112,50000
TRD0060,38000
TRD0178,37000
TRD0053,31000
TRD0177,31000
TRD0134,35000
TRD0069,35000
TRD0173,45000
TRD0026,43000
TRD0104,39000
TRD0057,31000
TRD0061,40000
TRD0045,50000
TRD0185,36000
TRD0030,42000
TRD0065,40000
TRD0091,45000
TRD0184,33000
TRD0186,30000
TRD0071,30000
TRD0129,38000
TRD0195,38000
TRD0056,35000
TRD0116,47000
TRD0120,34000
TRD0023,36000
TRD0089,36000
TRD0139,39000
TRD0166,47000
TRD0132,36000
TRD0145,44000
TRD0163,44000
TRD0078,48000
TRD0019,36000
TRD0027,45000
TRD0018,46000
TRD0126,48000
TRD0013,39000
TRD0125,41000
TRD0092,42000
TRD0138,48000
TRD0148,42000
TRD0189,31000
TRD0017,47000
TRD0004,35000
TRD0035,32000
TRD0036,44000
TRD0046,49000
TRD0070,34000
TRD0117,38000
TRD0147,40000
TRD0162,31000
TRD0055,49000
TRD0122,48000
TRD0167,31000
TRD0200,39000
TRD0068,40000
TRD0159,45000
TRD0037,33000
TRD0158,30000
TRD0079,47000
TRD0150,49000
TRD0182,48000
TRD0175,31000
TRD0058,49000
TRD0074,39000
TRD0137,38000
TRD0050,34000
TRD0003,34000
TRD0005,43000
TRD0012,46000
TRD0082,44000
TRD0153,31000
TRD0157,32000